<MOBILE-Check>
  <START_TIME>2021-06-10 16:16:51</START_TIME>
  <END_TIME>2021-06-10 16:16:54</END_TIME>
  <ANDROID_VERSION>11(RP1A.200720.012.G977NKSU5FUE3)</ANDROID_VERSION>
  <MODEL_VERSION>SM-G977N</MODEL_VERSION>
  <MANUFACTURER>samsung(Knox : 33)(OneUI : 3.1)</MANUFACTURER>
  <CARRIER>KT</CARRIER>
  <MO-01>
    <NAME>스마트폰 잠금 설정 여부</NAME>
    <RESULT>N</RESULT>
  </MO-01>
  <MO-02>
    <NAME>구글 플레이 프로텍트 인증 상태</NAME>
    <RESULT>N</RESULT>
  </MO-02>
  <MO-03>
    <NAME>최신 보안 업데이트 여부</NAME>
    <RESULT>N</RESULT>
  </MO-03>
  <MO-04>
    <NAME>개발자 옵션 활성화 여부</NAME>
    <RESULT>N</RESULT>
  </MO-04>
  <MO-05>
    <NAME>애플리케이션 권한 관리 점검</NAME>
    <RESULT>N</RESULT>
  </MO-05>
  <MO-06>
    <NAME>백신 설치 여부</NAME>
    <RESULT>N</RESULT>
  </MO-06>
  <MO-07>
    <NAME>백신 최신 업데이트 및 실시간 감시 여부</NAME>
    <RESULT>N</RESULT>
  </MO-07>
</MOBILE-Check>